conditionId	conditionName	ActD	SOCS3oe	Epo	init_CIS	init_CISHRNA	init_CISHnRNA1	init_CISHnRNA2	init_CISHnRNA3	init_CISHnRNA4	init_CISHnRNA5	init_PTP	init_SOCS3	init_SOCS3RNA	init_SOCS3nRNA1	init_SOCS3nRNA2	init_SOCS3nRNA3	init_SOCS3nRNA4	init_SOCS3nRNA5	SHP1oe	SHP1proOE
model1_data1	model1_data1	0	0	1.25e-7	0.275/0.4*CISeqm/CISHRNAeqm*CISHRNAbasal*CISHRNAeqm/CISHRNAturn	0.275/0.4*CISHRNAbasal*CISHRNAeqm/CISHRNAturn	CISHRNAbasal*CISHRNAeqm/CISHRNAdelay	CISHRNAbasal*CISHRNAeqm/CISHRNAdelay	CISHRNAbasal*CISHRNAeqm/CISHRNAdelay	CISHRNAbasal*CISHRNAeqm/CISHRNAdelay	CISHRNAbasal*CISHRNAeqm/CISHRNAdelay	init_PTP	0.275/0.4*SOCS3eqm/SOCS3RNAeqm*SOCS3RNAbasal*SOCS3RNAeqm/SOCS3RNAturn	0.275/0.4*SOCS3RNAbasal*SOCS3RNAeqm/SOCS3RNAturn	SOCS3RNAbasal*SOCS3RNAeqm/SOCS3RNAdelay	SOCS3RNAbasal*SOCS3RNAeqm/SOCS3RNAdelay	SOCS3RNAbasal*SOCS3RNAeqm/SOCS3RNAdelay	SOCS3RNAbasal*SOCS3RNAeqm/SOCS3RNAdelay	SOCS3RNAbasal*SOCS3RNAeqm/SOCS3RNAdelay		
model1_data2	model1_data2	0	0	1.25e-7	0.275/0.4*CISeqm/CISHRNAeqm*CISHRNAbasal*CISHRNAeqm/CISHRNAturn	0.275/0.4*CISHRNAbasal*CISHRNAeqm/CISHRNAturn	CISHRNAbasal*CISHRNAeqm/CISHRNAdelay	CISHRNAbasal*CISHRNAeqm/CISHRNAdelay	CISHRNAbasal*CISHRNAeqm/CISHRNAdelay	CISHRNAbasal*CISHRNAeqm/CISHRNAdelay	CISHRNAbasal*CISHRNAeqm/CISHRNAdelay	init_PTP	0.275/0.4*SOCS3eqm/SOCS3RNAeqm*SOCS3RNAbasal*SOCS3RNAeqm/SOCS3RNAturn	0.275/0.4*SOCS3RNAbasal*SOCS3RNAeqm/SOCS3RNAturn	SOCS3RNAbasal*SOCS3RNAeqm/SOCS3RNAdelay	SOCS3RNAbasal*SOCS3RNAeqm/SOCS3RNAdelay	SOCS3RNAbasal*SOCS3RNAeqm/SOCS3RNAdelay	SOCS3RNAbasal*SOCS3RNAeqm/SOCS3RNAdelay	SOCS3RNAbasal*SOCS3RNAeqm/SOCS3RNAdelay		
model1_data3	model1_data3	0	0	1.25e-7	0.275/0.4*CISeqm/CISHRNAeqm*CISHRNAbasal*CISHRNAeqm/CISHRNAturn	0.275/0.4*CISHRNAbasal*CISHRNAeqm/CISHRNAturn	CISHRNAbasal*CISHRNAeqm/CISHRNAdelay	CISHRNAbasal*CISHRNAeqm/CISHRNAdelay	CISHRNAbasal*CISHRNAeqm/CISHRNAdelay	CISHRNAbasal*CISHRNAeqm/CISHRNAdelay	CISHRNAbasal*CISHRNAeqm/CISHRNAdelay	init_PTP	0.275/0.4*SOCS3eqm/SOCS3RNAeqm*SOCS3RNAbasal*SOCS3RNAeqm/SOCS3RNAturn	0.275/0.4*SOCS3RNAbasal*SOCS3RNAeqm/SOCS3RNAturn	SOCS3RNAbasal*SOCS3RNAeqm/SOCS3RNAdelay	SOCS3RNAbasal*SOCS3RNAeqm/SOCS3RNAdelay	SOCS3RNAbasal*SOCS3RNAeqm/SOCS3RNAdelay	SOCS3RNAbasal*SOCS3RNAeqm/SOCS3RNAdelay	SOCS3RNAbasal*SOCS3RNAeqm/SOCS3RNAdelay		
model1_data4	model1_data4	0	0	1.25e-7	0.275/0.4*CISeqm/CISHRNAeqm*CISHRNAbasal*(1-ActDstrength*0)*CISHRNAeqm/CISHRNAturn	0.275/0.4*CISHRNAbasal*(1-ActDstrength*0)*CISHRNAeqm/CISHRNAturn	CISHRNAbasal*(1-ActDstrength*0)*CISHRNAeqm/CISHRNAdelay	CISHRNAbasal*(1-ActDstrength*0)*CISHRNAeqm/CISHRNAdelay	CISHRNAbasal*(1-ActDstrength*0)*CISHRNAeqm/CISHRNAdelay	CISHRNAbasal*(1-ActDstrength*0)*CISHRNAeqm/CISHRNAdelay	CISHRNAbasal*(1-ActDstrength*0)*CISHRNAeqm/CISHRNAdelay	init_PTP	0.275/0.4*SOCS3eqm/SOCS3RNAeqm*SOCS3RNAbasal*(1-ActDstrength*0)*SOCS3RNAeqm/SOCS3RNAturn	0.275/0.4*SOCS3RNAbasal*(1-ActDstrength*0)*SOCS3RNAeqm/SOCS3RNAturn	SOCS3RNAbasal*(1-ActDstrength*0)*SOCS3RNAeqm/SOCS3RNAdelay	SOCS3RNAbasal*(1-ActDstrength*0)*SOCS3RNAeqm/SOCS3RNAdelay	SOCS3RNAbasal*(1-ActDstrength*0)*SOCS3RNAeqm/SOCS3RNAdelay	SOCS3RNAbasal*(1-ActDstrength*0)*SOCS3RNAeqm/SOCS3RNAdelay	SOCS3RNAbasal*(1-ActDstrength*0)*SOCS3RNAeqm/SOCS3RNAdelay		
model1_data5	model1_data5	1	0	1.25e-7	0.275/0.4*CISeqm/CISHRNAeqm*CISHRNAbasal*(1-ActDstrength*1)*CISHRNAeqm/CISHRNAturn	0.275/0.4*CISHRNAbasal*(1-ActDstrength*1)*CISHRNAeqm/CISHRNAturn	CISHRNAbasal*(1-ActDstrength*1)*CISHRNAeqm/CISHRNAdelay	CISHRNAbasal*(1-ActDstrength*1)*CISHRNAeqm/CISHRNAdelay	CISHRNAbasal*(1-ActDstrength*1)*CISHRNAeqm/CISHRNAdelay	CISHRNAbasal*(1-ActDstrength*1)*CISHRNAeqm/CISHRNAdelay	CISHRNAbasal*(1-ActDstrength*1)*CISHRNAeqm/CISHRNAdelay	init_PTP	0.275/0.4*SOCS3eqm/SOCS3RNAeqm*SOCS3RNAbasal*(1-ActDstrength*1)*SOCS3RNAeqm/SOCS3RNAturn	0.275/0.4*SOCS3RNAbasal*(1-ActDstrength*1)*SOCS3RNAeqm/SOCS3RNAturn	SOCS3RNAbasal*(1-ActDstrength*1)*SOCS3RNAeqm/SOCS3RNAdelay	SOCS3RNAbasal*(1-ActDstrength*1)*SOCS3RNAeqm/SOCS3RNAdelay	SOCS3RNAbasal*(1-ActDstrength*1)*SOCS3RNAeqm/SOCS3RNAdelay	SOCS3RNAbasal*(1-ActDstrength*1)*SOCS3RNAeqm/SOCS3RNAdelay	SOCS3RNAbasal*(1-ActDstrength*1)*SOCS3RNAeqm/SOCS3RNAdelay		
model1_data6	model1_data6	0	0	1.25e-6	0.275/0.4*CISeqm/CISHRNAeqm*CISHRNAbasal*CISHRNAeqm/CISHRNAturn	0.275/0.4*CISHRNAbasal*CISHRNAeqm/CISHRNAturn	CISHRNAbasal*CISHRNAeqm/CISHRNAdelay	CISHRNAbasal*CISHRNAeqm/CISHRNAdelay	CISHRNAbasal*CISHRNAeqm/CISHRNAdelay	CISHRNAbasal*CISHRNAeqm/CISHRNAdelay	CISHRNAbasal*CISHRNAeqm/CISHRNAdelay	init_PTP	0.275/0.4*SOCS3eqm/SOCS3RNAeqm*SOCS3RNAbasal*SOCS3RNAeqm/SOCS3RNAturn	0.275/0.4*SOCS3RNAbasal*SOCS3RNAeqm/SOCS3RNAturn	SOCS3RNAbasal*SOCS3RNAeqm/SOCS3RNAdelay	SOCS3RNAbasal*SOCS3RNAeqm/SOCS3RNAdelay	SOCS3RNAbasal*SOCS3RNAeqm/SOCS3RNAdelay	SOCS3RNAbasal*SOCS3RNAeqm/SOCS3RNAdelay	SOCS3RNAbasal*SOCS3RNAeqm/SOCS3RNAdelay		
model1_data7	model1_data7	0	0	1.25e-7	0.275/0.4*CISeqm/CISHRNAeqm*CISHRNAbasal*CISHRNAeqm/CISHRNAturn	0.275/0.4*CISHRNAbasal*CISHRNAeqm/CISHRNAturn	CISHRNAbasal*CISHRNAeqm/CISHRNAdelay	CISHRNAbasal*CISHRNAeqm/CISHRNAdelay	CISHRNAbasal*CISHRNAeqm/CISHRNAdelay	CISHRNAbasal*CISHRNAeqm/CISHRNAdelay	CISHRNAbasal*CISHRNAeqm/CISHRNAdelay	init_PTP	0 * SOCS3eqmOE * SOCS3eqm + 0.275/0.4*SOCS3eqm/SOCS3RNAeqm*SOCS3RNAbasal/SOCS3RNAturn	0.275/0.4*SOCS3RNAbasal*SOCS3RNAeqm/SOCS3RNAturn	SOCS3RNAbasal*SOCS3RNAeqm/SOCS3RNAdelay	SOCS3RNAbasal*SOCS3RNAeqm/SOCS3RNAdelay	SOCS3RNAbasal*SOCS3RNAeqm/SOCS3RNAdelay	SOCS3RNAbasal*SOCS3RNAeqm/SOCS3RNAdelay	SOCS3RNAbasal*SOCS3RNAeqm/SOCS3RNAdelay		
model1_data8	model1_data8	0	1	1.25e-7	0.275/0.4*CISeqm/CISHRNAeqm*CISHRNAbasal*CISHRNAeqm/CISHRNAturn	0.275/0.4*CISHRNAbasal*CISHRNAeqm/CISHRNAturn	CISHRNAbasal*CISHRNAeqm/CISHRNAdelay	CISHRNAbasal*CISHRNAeqm/CISHRNAdelay	CISHRNAbasal*CISHRNAeqm/CISHRNAdelay	CISHRNAbasal*CISHRNAeqm/CISHRNAdelay	CISHRNAbasal*CISHRNAeqm/CISHRNAdelay	init_PTP	1 * SOCS3eqmOE * SOCS3eqm + 0.275/0.4*SOCS3eqm/SOCS3RNAeqm*SOCS3RNAbasal/SOCS3RNAturn	0.275/0.4*SOCS3RNAbasal*SOCS3RNAeqm/SOCS3RNAturn	SOCS3RNAbasal*SOCS3RNAeqm/SOCS3RNAdelay	SOCS3RNAbasal*SOCS3RNAeqm/SOCS3RNAdelay	SOCS3RNAbasal*SOCS3RNAeqm/SOCS3RNAdelay	SOCS3RNAbasal*SOCS3RNAeqm/SOCS3RNAdelay	SOCS3RNAbasal*SOCS3RNAeqm/SOCS3RNAdelay		
model1_data9	model1_data9	0	0	1.25e-7	0.275/0.4*CISeqm/CISHRNAeqm*CISHRNAbasal*CISHRNAeqm/CISHRNAturn	0.275/0.4*CISHRNAbasal*CISHRNAeqm/CISHRNAturn	CISHRNAbasal*CISHRNAeqm/CISHRNAdelay	CISHRNAbasal*CISHRNAeqm/CISHRNAdelay	CISHRNAbasal*CISHRNAeqm/CISHRNAdelay	CISHRNAbasal*CISHRNAeqm/CISHRNAdelay	CISHRNAbasal*CISHRNAeqm/CISHRNAdelay	init_PTP * (1 + (0 * SHP1proOE))	0.275/0.4*SOCS3eqm/SOCS3RNAeqm*SOCS3RNAbasal*SOCS3RNAeqm/SOCS3RNAturn	0.275/0.4*SOCS3RNAbasal*SOCS3RNAeqm/SOCS3RNAturn	SOCS3RNAbasal*SOCS3RNAeqm/SOCS3RNAdelay	SOCS3RNAbasal*SOCS3RNAeqm/SOCS3RNAdelay	SOCS3RNAbasal*SOCS3RNAeqm/SOCS3RNAdelay	SOCS3RNAbasal*SOCS3RNAeqm/SOCS3RNAdelay	SOCS3RNAbasal*SOCS3RNAeqm/SOCS3RNAdelay	0	SHP1proOE
model1_data10	model1_data10	0	0	1.25e-7	0.275/0.4*CISeqm/CISHRNAeqm*CISHRNAbasal*CISHRNAeqm/CISHRNAturn	0.275/0.4*CISHRNAbasal*CISHRNAeqm/CISHRNAturn	CISHRNAbasal*CISHRNAeqm/CISHRNAdelay	CISHRNAbasal*CISHRNAeqm/CISHRNAdelay	CISHRNAbasal*CISHRNAeqm/CISHRNAdelay	CISHRNAbasal*CISHRNAeqm/CISHRNAdelay	CISHRNAbasal*CISHRNAeqm/CISHRNAdelay	init_PTP * (1 + (1 * SHP1proOE))	0.275/0.4*SOCS3eqm/SOCS3RNAeqm*SOCS3RNAbasal*SOCS3RNAeqm/SOCS3RNAturn	0.275/0.4*SOCS3RNAbasal*SOCS3RNAeqm/SOCS3RNAturn	SOCS3RNAbasal*SOCS3RNAeqm/SOCS3RNAdelay	SOCS3RNAbasal*SOCS3RNAeqm/SOCS3RNAdelay	SOCS3RNAbasal*SOCS3RNAeqm/SOCS3RNAdelay	SOCS3RNAbasal*SOCS3RNAeqm/SOCS3RNAdelay	SOCS3RNAbasal*SOCS3RNAeqm/SOCS3RNAdelay	1	SHP1proOE
model1_data11	model1_data11	0	0	2.5e-05	0.275/0.4*CISeqm/CISHRNAeqm*CISHRNAbasal*CISHRNAeqm/CISHRNAturn	0.275/0.4*CISHRNAbasal*CISHRNAeqm/CISHRNAturn	CISHRNAbasal*CISHRNAeqm/CISHRNAdelay	CISHRNAbasal*CISHRNAeqm/CISHRNAdelay	CISHRNAbasal*CISHRNAeqm/CISHRNAdelay	CISHRNAbasal*CISHRNAeqm/CISHRNAdelay	CISHRNAbasal*CISHRNAeqm/CISHRNAdelay	init_PTP	0.275/0.4*SOCS3eqm/SOCS3RNAeqm*SOCS3RNAbasal*SOCS3RNAeqm/SOCS3RNAturn	0.275/0.4*SOCS3RNAbasal*SOCS3RNAeqm/SOCS3RNAturn	SOCS3RNAbasal*SOCS3RNAeqm/SOCS3RNAdelay	SOCS3RNAbasal*SOCS3RNAeqm/SOCS3RNAdelay	SOCS3RNAbasal*SOCS3RNAeqm/SOCS3RNAdelay	SOCS3RNAbasal*SOCS3RNAeqm/SOCS3RNAdelay	SOCS3RNAbasal*SOCS3RNAeqm/SOCS3RNAdelay		
model1_data12	model1_data12	0	0	2.5e-06	0.275/0.4*CISeqm/CISHRNAeqm*CISHRNAbasal*CISHRNAeqm/CISHRNAturn	0.275/0.4*CISHRNAbasal*CISHRNAeqm/CISHRNAturn	CISHRNAbasal*CISHRNAeqm/CISHRNAdelay	CISHRNAbasal*CISHRNAeqm/CISHRNAdelay	CISHRNAbasal*CISHRNAeqm/CISHRNAdelay	CISHRNAbasal*CISHRNAeqm/CISHRNAdelay	CISHRNAbasal*CISHRNAeqm/CISHRNAdelay	init_PTP	0.275/0.4*SOCS3eqm/SOCS3RNAeqm*SOCS3RNAbasal*SOCS3RNAeqm/SOCS3RNAturn	0.275/0.4*SOCS3RNAbasal*SOCS3RNAeqm/SOCS3RNAturn	SOCS3RNAbasal*SOCS3RNAeqm/SOCS3RNAdelay	SOCS3RNAbasal*SOCS3RNAeqm/SOCS3RNAdelay	SOCS3RNAbasal*SOCS3RNAeqm/SOCS3RNAdelay	SOCS3RNAbasal*SOCS3RNAeqm/SOCS3RNAdelay	SOCS3RNAbasal*SOCS3RNAeqm/SOCS3RNAdelay		
model1_data13	model1_data13	0	0	2.5e-07	0.275/0.4*CISeqm/CISHRNAeqm*CISHRNAbasal*CISHRNAeqm/CISHRNAturn	0.275/0.4*CISHRNAbasal*CISHRNAeqm/CISHRNAturn	CISHRNAbasal*CISHRNAeqm/CISHRNAdelay	CISHRNAbasal*CISHRNAeqm/CISHRNAdelay	CISHRNAbasal*CISHRNAeqm/CISHRNAdelay	CISHRNAbasal*CISHRNAeqm/CISHRNAdelay	CISHRNAbasal*CISHRNAeqm/CISHRNAdelay	init_PTP	0.275/0.4*SOCS3eqm/SOCS3RNAeqm*SOCS3RNAbasal*SOCS3RNAeqm/SOCS3RNAturn	0.275/0.4*SOCS3RNAbasal*SOCS3RNAeqm/SOCS3RNAturn	SOCS3RNAbasal*SOCS3RNAeqm/SOCS3RNAdelay	SOCS3RNAbasal*SOCS3RNAeqm/SOCS3RNAdelay	SOCS3RNAbasal*SOCS3RNAeqm/SOCS3RNAdelay	SOCS3RNAbasal*SOCS3RNAeqm/SOCS3RNAdelay	SOCS3RNAbasal*SOCS3RNAeqm/SOCS3RNAdelay		
model1_data14	model1_data14	0	0	2.5e-08	0.275/0.4*CISeqm/CISHRNAeqm*CISHRNAbasal*CISHRNAeqm/CISHRNAturn	0.275/0.4*CISHRNAbasal*CISHRNAeqm/CISHRNAturn	CISHRNAbasal*CISHRNAeqm/CISHRNAdelay	CISHRNAbasal*CISHRNAeqm/CISHRNAdelay	CISHRNAbasal*CISHRNAeqm/CISHRNAdelay	CISHRNAbasal*CISHRNAeqm/CISHRNAdelay	CISHRNAbasal*CISHRNAeqm/CISHRNAdelay	init_PTP	0.275/0.4*SOCS3eqm/SOCS3RNAeqm*SOCS3RNAbasal*SOCS3RNAeqm/SOCS3RNAturn	0.275/0.4*SOCS3RNAbasal*SOCS3RNAeqm/SOCS3RNAturn	SOCS3RNAbasal*SOCS3RNAeqm/SOCS3RNAdelay	SOCS3RNAbasal*SOCS3RNAeqm/SOCS3RNAdelay	SOCS3RNAbasal*SOCS3RNAeqm/SOCS3RNAdelay	SOCS3RNAbasal*SOCS3RNAeqm/SOCS3RNAdelay	SOCS3RNAbasal*SOCS3RNAeqm/SOCS3RNAdelay		
model1_data15	model1_data15	0	0	2.5e-09	0.275/0.4*CISeqm/CISHRNAeqm*CISHRNAbasal*CISHRNAeqm/CISHRNAturn	0.275/0.4*CISHRNAbasal*CISHRNAeqm/CISHRNAturn	CISHRNAbasal*CISHRNAeqm/CISHRNAdelay	CISHRNAbasal*CISHRNAeqm/CISHRNAdelay	CISHRNAbasal*CISHRNAeqm/CISHRNAdelay	CISHRNAbasal*CISHRNAeqm/CISHRNAdelay	CISHRNAbasal*CISHRNAeqm/CISHRNAdelay	init_PTP	0.275/0.4*SOCS3eqm/SOCS3RNAeqm*SOCS3RNAbasal*SOCS3RNAeqm/SOCS3RNAturn	0.275/0.4*SOCS3RNAbasal*SOCS3RNAeqm/SOCS3RNAturn	SOCS3RNAbasal*SOCS3RNAeqm/SOCS3RNAdelay	SOCS3RNAbasal*SOCS3RNAeqm/SOCS3RNAdelay	SOCS3RNAbasal*SOCS3RNAeqm/SOCS3RNAdelay	SOCS3RNAbasal*SOCS3RNAeqm/SOCS3RNAdelay	SOCS3RNAbasal*SOCS3RNAeqm/SOCS3RNAdelay		
model1_data16	model1_data16	0	0	1.25e-06	0.275/0.4*CISeqm/CISHRNAeqm*CISHRNAbasal*CISHRNAeqm/CISHRNAturn	0.275/0.4*CISHRNAbasal*CISHRNAeqm/CISHRNAturn	CISHRNAbasal*CISHRNAeqm/CISHRNAdelay	CISHRNAbasal*CISHRNAeqm/CISHRNAdelay	CISHRNAbasal*CISHRNAeqm/CISHRNAdelay	CISHRNAbasal*CISHRNAeqm/CISHRNAdelay	CISHRNAbasal*CISHRNAeqm/CISHRNAdelay	init_PTP	0.275/0.4*SOCS3eqm/SOCS3RNAeqm*SOCS3RNAbasal*SOCS3RNAeqm/SOCS3RNAturn	0.275/0.4*SOCS3RNAbasal*SOCS3RNAeqm/SOCS3RNAturn	SOCS3RNAbasal*SOCS3RNAeqm/SOCS3RNAdelay	SOCS3RNAbasal*SOCS3RNAeqm/SOCS3RNAdelay	SOCS3RNAbasal*SOCS3RNAeqm/SOCS3RNAdelay	SOCS3RNAbasal*SOCS3RNAeqm/SOCS3RNAdelay	SOCS3RNAbasal*SOCS3RNAeqm/SOCS3RNAdelay		
model1_data17	model1_data17	0	0	1.25e-07	0.275/0.4*CISeqm/CISHRNAeqm*CISHRNAbasal*CISHRNAeqm/CISHRNAturn	0.275/0.4*CISHRNAbasal*CISHRNAeqm/CISHRNAturn	CISHRNAbasal*CISHRNAeqm/CISHRNAdelay	CISHRNAbasal*CISHRNAeqm/CISHRNAdelay	CISHRNAbasal*CISHRNAeqm/CISHRNAdelay	CISHRNAbasal*CISHRNAeqm/CISHRNAdelay	CISHRNAbasal*CISHRNAeqm/CISHRNAdelay	init_PTP	0.275/0.4*SOCS3eqm/SOCS3RNAeqm*SOCS3RNAbasal*SOCS3RNAeqm/SOCS3RNAturn	0.275/0.4*SOCS3RNAbasal*SOCS3RNAeqm/SOCS3RNAturn	SOCS3RNAbasal*SOCS3RNAeqm/SOCS3RNAdelay	SOCS3RNAbasal*SOCS3RNAeqm/SOCS3RNAdelay	SOCS3RNAbasal*SOCS3RNAeqm/SOCS3RNAdelay	SOCS3RNAbasal*SOCS3RNAeqm/SOCS3RNAdelay	SOCS3RNAbasal*SOCS3RNAeqm/SOCS3RNAdelay		
model1_data18	model1_data18	0	0	2.5e-06	0.275/0.4*CISeqm/CISHRNAeqm*CISHRNAbasal*CISHRNAeqm/CISHRNAturn	0.275/0.4*CISHRNAbasal*CISHRNAeqm/CISHRNAturn	CISHRNAbasal*CISHRNAeqm/CISHRNAdelay	CISHRNAbasal*CISHRNAeqm/CISHRNAdelay	CISHRNAbasal*CISHRNAeqm/CISHRNAdelay	CISHRNAbasal*CISHRNAeqm/CISHRNAdelay	CISHRNAbasal*CISHRNAeqm/CISHRNAdelay	init_PTP	0.275/0.4*SOCS3eqm/SOCS3RNAeqm*SOCS3RNAbasal*SOCS3RNAeqm/SOCS3RNAturn	0.275/0.4*SOCS3RNAbasal*SOCS3RNAeqm/SOCS3RNAturn	SOCS3RNAbasal*SOCS3RNAeqm/SOCS3RNAdelay	SOCS3RNAbasal*SOCS3RNAeqm/SOCS3RNAdelay	SOCS3RNAbasal*SOCS3RNAeqm/SOCS3RNAdelay	SOCS3RNAbasal*SOCS3RNAeqm/SOCS3RNAdelay	SOCS3RNAbasal*SOCS3RNAeqm/SOCS3RNAdelay		
model1_data19	model1_data19	0	0	2.5e-07	0.275/0.4*CISeqm/CISHRNAeqm*CISHRNAbasal*CISHRNAeqm/CISHRNAturn	0.275/0.4*CISHRNAbasal*CISHRNAeqm/CISHRNAturn	CISHRNAbasal*CISHRNAeqm/CISHRNAdelay	CISHRNAbasal*CISHRNAeqm/CISHRNAdelay	CISHRNAbasal*CISHRNAeqm/CISHRNAdelay	CISHRNAbasal*CISHRNAeqm/CISHRNAdelay	CISHRNAbasal*CISHRNAeqm/CISHRNAdelay	init_PTP	0.275/0.4*SOCS3eqm/SOCS3RNAeqm*SOCS3RNAbasal*SOCS3RNAeqm/SOCS3RNAturn	0.275/0.4*SOCS3RNAbasal*SOCS3RNAeqm/SOCS3RNAturn	SOCS3RNAbasal*SOCS3RNAeqm/SOCS3RNAdelay	SOCS3RNAbasal*SOCS3RNAeqm/SOCS3RNAdelay	SOCS3RNAbasal*SOCS3RNAeqm/SOCS3RNAdelay	SOCS3RNAbasal*SOCS3RNAeqm/SOCS3RNAdelay	SOCS3RNAbasal*SOCS3RNAeqm/SOCS3RNAdelay		
model1_data20	model1_data20	0	0	2.5e-08	0.275/0.4*CISeqm/CISHRNAeqm*CISHRNAbasal*CISHRNAeqm/CISHRNAturn	0.275/0.4*CISHRNAbasal*CISHRNAeqm/CISHRNAturn	CISHRNAbasal*CISHRNAeqm/CISHRNAdelay	CISHRNAbasal*CISHRNAeqm/CISHRNAdelay	CISHRNAbasal*CISHRNAeqm/CISHRNAdelay	CISHRNAbasal*CISHRNAeqm/CISHRNAdelay	CISHRNAbasal*CISHRNAeqm/CISHRNAdelay	init_PTP	0.275/0.4*SOCS3eqm/SOCS3RNAeqm*SOCS3RNAbasal*SOCS3RNAeqm/SOCS3RNAturn	0.275/0.4*SOCS3RNAbasal*SOCS3RNAeqm/SOCS3RNAturn	SOCS3RNAbasal*SOCS3RNAeqm/SOCS3RNAdelay	SOCS3RNAbasal*SOCS3RNAeqm/SOCS3RNAdelay	SOCS3RNAbasal*SOCS3RNAeqm/SOCS3RNAdelay	SOCS3RNAbasal*SOCS3RNAeqm/SOCS3RNAdelay	SOCS3RNAbasal*SOCS3RNAeqm/SOCS3RNAdelay		
model1_data21	model1_data21	0	0	2.5e-09	0.275/0.4*CISeqm/CISHRNAeqm*CISHRNAbasal*CISHRNAeqm/CISHRNAturn	0.275/0.4*CISHRNAbasal*CISHRNAeqm/CISHRNAturn	CISHRNAbasal*CISHRNAeqm/CISHRNAdelay	CISHRNAbasal*CISHRNAeqm/CISHRNAdelay	CISHRNAbasal*CISHRNAeqm/CISHRNAdelay	CISHRNAbasal*CISHRNAeqm/CISHRNAdelay	CISHRNAbasal*CISHRNAeqm/CISHRNAdelay	init_PTP	0.275/0.4*SOCS3eqm/SOCS3RNAeqm*SOCS3RNAbasal*SOCS3RNAeqm/SOCS3RNAturn	0.275/0.4*SOCS3RNAbasal*SOCS3RNAeqm/SOCS3RNAturn	SOCS3RNAbasal*SOCS3RNAeqm/SOCS3RNAdelay	SOCS3RNAbasal*SOCS3RNAeqm/SOCS3RNAdelay	SOCS3RNAbasal*SOCS3RNAeqm/SOCS3RNAdelay	SOCS3RNAbasal*SOCS3RNAeqm/SOCS3RNAdelay	SOCS3RNAbasal*SOCS3RNAeqm/SOCS3RNAdelay		
model1_data22	model1_data22	0	0	1.25e-07	0.275/0.4*CISeqm/CISHRNAeqm*CISHRNAbasal*CISHRNAeqm/CISHRNAturn	0.275/0.4*CISHRNAbasal*CISHRNAeqm/CISHRNAturn	CISHRNAbasal*CISHRNAeqm/CISHRNAdelay	CISHRNAbasal*CISHRNAeqm/CISHRNAdelay	CISHRNAbasal*CISHRNAeqm/CISHRNAdelay	CISHRNAbasal*CISHRNAeqm/CISHRNAdelay	CISHRNAbasal*CISHRNAeqm/CISHRNAdelay	init_PTP	0.275/0.4*SOCS3eqm/SOCS3RNAeqm*SOCS3RNAbasal*SOCS3RNAeqm/SOCS3RNAturn	0.275/0.4*SOCS3RNAbasal*SOCS3RNAeqm/SOCS3RNAturn	SOCS3RNAbasal*SOCS3RNAeqm/SOCS3RNAdelay	SOCS3RNAbasal*SOCS3RNAeqm/SOCS3RNAdelay	SOCS3RNAbasal*SOCS3RNAeqm/SOCS3RNAdelay	SOCS3RNAbasal*SOCS3RNAeqm/SOCS3RNAdelay	SOCS3RNAbasal*SOCS3RNAeqm/SOCS3RNAdelay		
model1_data23	model1_data23	0	0	1.25e-08	0.275/0.4*CISeqm/CISHRNAeqm*CISHRNAbasal*CISHRNAeqm/CISHRNAturn	0.275/0.4*CISHRNAbasal*CISHRNAeqm/CISHRNAturn	CISHRNAbasal*CISHRNAeqm/CISHRNAdelay	CISHRNAbasal*CISHRNAeqm/CISHRNAdelay	CISHRNAbasal*CISHRNAeqm/CISHRNAdelay	CISHRNAbasal*CISHRNAeqm/CISHRNAdelay	CISHRNAbasal*CISHRNAeqm/CISHRNAdelay	init_PTP	0.275/0.4*SOCS3eqm/SOCS3RNAeqm*SOCS3RNAbasal*SOCS3RNAeqm/SOCS3RNAturn	0.275/0.4*SOCS3RNAbasal*SOCS3RNAeqm/SOCS3RNAturn	SOCS3RNAbasal*SOCS3RNAeqm/SOCS3RNAdelay	SOCS3RNAbasal*SOCS3RNAeqm/SOCS3RNAdelay	SOCS3RNAbasal*SOCS3RNAeqm/SOCS3RNAdelay	SOCS3RNAbasal*SOCS3RNAeqm/SOCS3RNAdelay	SOCS3RNAbasal*SOCS3RNAeqm/SOCS3RNAdelay		
model1_data24	model1_data24	0	0	1.75e-08	0.275/0.4*CISeqm/CISHRNAeqm*CISHRNAbasal*CISHRNAeqm/CISHRNAturn	0.275/0.4*CISHRNAbasal*CISHRNAeqm/CISHRNAturn	CISHRNAbasal*CISHRNAeqm/CISHRNAdelay	CISHRNAbasal*CISHRNAeqm/CISHRNAdelay	CISHRNAbasal*CISHRNAeqm/CISHRNAdelay	CISHRNAbasal*CISHRNAeqm/CISHRNAdelay	CISHRNAbasal*CISHRNAeqm/CISHRNAdelay	init_PTP	0.275/0.4*SOCS3eqm/SOCS3RNAeqm*SOCS3RNAbasal*SOCS3RNAeqm/SOCS3RNAturn	0.275/0.4*SOCS3RNAbasal*SOCS3RNAeqm/SOCS3RNAturn	SOCS3RNAbasal*SOCS3RNAeqm/SOCS3RNAdelay	SOCS3RNAbasal*SOCS3RNAeqm/SOCS3RNAdelay	SOCS3RNAbasal*SOCS3RNAeqm/SOCS3RNAdelay	SOCS3RNAbasal*SOCS3RNAeqm/SOCS3RNAdelay	SOCS3RNAbasal*SOCS3RNAeqm/SOCS3RNAdelay		
model1_data25	model1_data25	0	0	1.7675e-07	0.275/0.4*CISeqm/CISHRNAeqm*CISHRNAbasal*CISHRNAeqm/CISHRNAturn	0.275/0.4*CISHRNAbasal*CISHRNAeqm/CISHRNAturn	CISHRNAbasal*CISHRNAeqm/CISHRNAdelay	CISHRNAbasal*CISHRNAeqm/CISHRNAdelay	CISHRNAbasal*CISHRNAeqm/CISHRNAdelay	CISHRNAbasal*CISHRNAeqm/CISHRNAdelay	CISHRNAbasal*CISHRNAeqm/CISHRNAdelay	init_PTP	0.275/0.4*SOCS3eqm/SOCS3RNAeqm*SOCS3RNAbasal*SOCS3RNAeqm/SOCS3RNAturn	0.275/0.4*SOCS3RNAbasal*SOCS3RNAeqm/SOCS3RNAturn	SOCS3RNAbasal*SOCS3RNAeqm/SOCS3RNAdelay	SOCS3RNAbasal*SOCS3RNAeqm/SOCS3RNAdelay	SOCS3RNAbasal*SOCS3RNAeqm/SOCS3RNAdelay	SOCS3RNAbasal*SOCS3RNAeqm/SOCS3RNAdelay	SOCS3RNAbasal*SOCS3RNAeqm/SOCS3RNAdelay		
model1_data26	model1_data26	0	0	2.5e-06	0.275/0.4*CISeqm/CISHRNAeqm*CISHRNAbasal*CISHRNAeqm/CISHRNAturn	0.275/0.4*CISHRNAbasal*CISHRNAeqm/CISHRNAturn	CISHRNAbasal*CISHRNAeqm/CISHRNAdelay	CISHRNAbasal*CISHRNAeqm/CISHRNAdelay	CISHRNAbasal*CISHRNAeqm/CISHRNAdelay	CISHRNAbasal*CISHRNAeqm/CISHRNAdelay	CISHRNAbasal*CISHRNAeqm/CISHRNAdelay	init_PTP	0.275/0.4*SOCS3eqm/SOCS3RNAeqm*SOCS3RNAbasal*SOCS3RNAeqm/SOCS3RNAturn	0.275/0.4*SOCS3RNAbasal*SOCS3RNAeqm/SOCS3RNAturn	SOCS3RNAbasal*SOCS3RNAeqm/SOCS3RNAdelay	SOCS3RNAbasal*SOCS3RNAeqm/SOCS3RNAdelay	SOCS3RNAbasal*SOCS3RNAeqm/SOCS3RNAdelay	SOCS3RNAbasal*SOCS3RNAeqm/SOCS3RNAdelay	SOCS3RNAbasal*SOCS3RNAeqm/SOCS3RNAdelay		
model1_data27	model1_data27	0	0	2.5e-07	0.275/0.4*CISeqm/CISHRNAeqm*CISHRNAbasal*CISHRNAeqm/CISHRNAturn	0.275/0.4*CISHRNAbasal*CISHRNAeqm/CISHRNAturn	CISHRNAbasal*CISHRNAeqm/CISHRNAdelay	CISHRNAbasal*CISHRNAeqm/CISHRNAdelay	CISHRNAbasal*CISHRNAeqm/CISHRNAdelay	CISHRNAbasal*CISHRNAeqm/CISHRNAdelay	CISHRNAbasal*CISHRNAeqm/CISHRNAdelay	init_PTP	0.275/0.4*SOCS3eqm/SOCS3RNAeqm*SOCS3RNAbasal*SOCS3RNAeqm/SOCS3RNAturn	0.275/0.4*SOCS3RNAbasal*SOCS3RNAeqm/SOCS3RNAturn	SOCS3RNAbasal*SOCS3RNAeqm/SOCS3RNAdelay	SOCS3RNAbasal*SOCS3RNAeqm/SOCS3RNAdelay	SOCS3RNAbasal*SOCS3RNAeqm/SOCS3RNAdelay	SOCS3RNAbasal*SOCS3RNAeqm/SOCS3RNAdelay	SOCS3RNAbasal*SOCS3RNAeqm/SOCS3RNAdelay		
model1_data28	model1_data28	0	0	2.5e-08	0.275/0.4*CISeqm/CISHRNAeqm*CISHRNAbasal*CISHRNAeqm/CISHRNAturn	0.275/0.4*CISHRNAbasal*CISHRNAeqm/CISHRNAturn	CISHRNAbasal*CISHRNAeqm/CISHRNAdelay	CISHRNAbasal*CISHRNAeqm/CISHRNAdelay	CISHRNAbasal*CISHRNAeqm/CISHRNAdelay	CISHRNAbasal*CISHRNAeqm/CISHRNAdelay	CISHRNAbasal*CISHRNAeqm/CISHRNAdelay	init_PTP	0.275/0.4*SOCS3eqm/SOCS3RNAeqm*SOCS3RNAbasal*SOCS3RNAeqm/SOCS3RNAturn	0.275/0.4*SOCS3RNAbasal*SOCS3RNAeqm/SOCS3RNAturn	SOCS3RNAbasal*SOCS3RNAeqm/SOCS3RNAdelay	SOCS3RNAbasal*SOCS3RNAeqm/SOCS3RNAdelay	SOCS3RNAbasal*SOCS3RNAeqm/SOCS3RNAdelay	SOCS3RNAbasal*SOCS3RNAeqm/SOCS3RNAdelay	SOCS3RNAbasal*SOCS3RNAeqm/SOCS3RNAdelay		
model1_data29	model1_data29	0	0	2.5e-09	0.275/0.4*CISeqm/CISHRNAeqm*CISHRNAbasal*CISHRNAeqm/CISHRNAturn	0.275/0.4*CISHRNAbasal*CISHRNAeqm/CISHRNAturn	CISHRNAbasal*CISHRNAeqm/CISHRNAdelay	CISHRNAbasal*CISHRNAeqm/CISHRNAdelay	CISHRNAbasal*CISHRNAeqm/CISHRNAdelay	CISHRNAbasal*CISHRNAeqm/CISHRNAdelay	CISHRNAbasal*CISHRNAeqm/CISHRNAdelay	init_PTP	0.275/0.4*SOCS3eqm/SOCS3RNAeqm*SOCS3RNAbasal*SOCS3RNAeqm/SOCS3RNAturn	0.275/0.4*SOCS3RNAbasal*SOCS3RNAeqm/SOCS3RNAturn	SOCS3RNAbasal*SOCS3RNAeqm/SOCS3RNAdelay	SOCS3RNAbasal*SOCS3RNAeqm/SOCS3RNAdelay	SOCS3RNAbasal*SOCS3RNAeqm/SOCS3RNAdelay	SOCS3RNAbasal*SOCS3RNAeqm/SOCS3RNAdelay	SOCS3RNAbasal*SOCS3RNAeqm/SOCS3RNAdelay		
model1_data30	model1_data30	0	0	3.95e-08	0.275/0.4*CISeqm/CISHRNAeqm*CISHRNAbasal*CISHRNAeqm/CISHRNAturn	0.275/0.4*CISHRNAbasal*CISHRNAeqm/CISHRNAturn	CISHRNAbasal*CISHRNAeqm/CISHRNAdelay	CISHRNAbasal*CISHRNAeqm/CISHRNAdelay	CISHRNAbasal*CISHRNAeqm/CISHRNAdelay	CISHRNAbasal*CISHRNAeqm/CISHRNAdelay	CISHRNAbasal*CISHRNAeqm/CISHRNAdelay	init_PTP	0.275/0.4*SOCS3eqm/SOCS3RNAeqm*SOCS3RNAbasal*SOCS3RNAeqm/SOCS3RNAturn	0.275/0.4*SOCS3RNAbasal*SOCS3RNAeqm/SOCS3RNAturn	SOCS3RNAbasal*SOCS3RNAeqm/SOCS3RNAdelay	SOCS3RNAbasal*SOCS3RNAeqm/SOCS3RNAdelay	SOCS3RNAbasal*SOCS3RNAeqm/SOCS3RNAdelay	SOCS3RNAbasal*SOCS3RNAeqm/SOCS3RNAdelay	SOCS3RNAbasal*SOCS3RNAeqm/SOCS3RNAdelay		
model1_data31	model1_data31	0	0	7.905e-07	0.275/0.4*CISeqm/CISHRNAeqm*CISHRNAbasal*CISHRNAeqm/CISHRNAturn	0.275/0.4*CISHRNAbasal*CISHRNAeqm/CISHRNAturn	CISHRNAbasal*CISHRNAeqm/CISHRNAdelay	CISHRNAbasal*CISHRNAeqm/CISHRNAdelay	CISHRNAbasal*CISHRNAeqm/CISHRNAdelay	CISHRNAbasal*CISHRNAeqm/CISHRNAdelay	CISHRNAbasal*CISHRNAeqm/CISHRNAdelay	init_PTP	0.275/0.4*SOCS3eqm/SOCS3RNAeqm*SOCS3RNAbasal*SOCS3RNAeqm/SOCS3RNAturn	0.275/0.4*SOCS3RNAbasal*SOCS3RNAeqm/SOCS3RNAturn	SOCS3RNAbasal*SOCS3RNAeqm/SOCS3RNAdelay	SOCS3RNAbasal*SOCS3RNAeqm/SOCS3RNAdelay	SOCS3RNAbasal*SOCS3RNAeqm/SOCS3RNAdelay	SOCS3RNAbasal*SOCS3RNAeqm/SOCS3RNAdelay	SOCS3RNAbasal*SOCS3RNAeqm/SOCS3RNAdelay		
model1_data32	model1_data32	0	0	7.905e-09	0.275/0.4*CISeqm/CISHRNAeqm*CISHRNAbasal*CISHRNAeqm/CISHRNAturn	0.275/0.4*CISHRNAbasal*CISHRNAeqm/CISHRNAturn	CISHRNAbasal*CISHRNAeqm/CISHRNAdelay	CISHRNAbasal*CISHRNAeqm/CISHRNAdelay	CISHRNAbasal*CISHRNAeqm/CISHRNAdelay	CISHRNAbasal*CISHRNAeqm/CISHRNAdelay	CISHRNAbasal*CISHRNAeqm/CISHRNAdelay	init_PTP	0.275/0.4*SOCS3eqm/SOCS3RNAeqm*SOCS3RNAbasal*SOCS3RNAeqm/SOCS3RNAturn	0.275/0.4*SOCS3RNAbasal*SOCS3RNAeqm/SOCS3RNAturn	SOCS3RNAbasal*SOCS3RNAeqm/SOCS3RNAdelay	SOCS3RNAbasal*SOCS3RNAeqm/SOCS3RNAdelay	SOCS3RNAbasal*SOCS3RNAeqm/SOCS3RNAdelay	SOCS3RNAbasal*SOCS3RNAeqm/SOCS3RNAdelay	SOCS3RNAbasal*SOCS3RNAeqm/SOCS3RNAdelay		
model1_data33	model1_data33	0	0	7.9e-08	0.275/0.4*CISeqm/CISHRNAeqm*CISHRNAbasal*CISHRNAeqm/CISHRNAturn	0.275/0.4*CISHRNAbasal*CISHRNAeqm/CISHRNAturn	CISHRNAbasal*CISHRNAeqm/CISHRNAdelay	CISHRNAbasal*CISHRNAeqm/CISHRNAdelay	CISHRNAbasal*CISHRNAeqm/CISHRNAdelay	CISHRNAbasal*CISHRNAeqm/CISHRNAdelay	CISHRNAbasal*CISHRNAeqm/CISHRNAdelay	init_PTP	0.275/0.4*SOCS3eqm/SOCS3RNAeqm*SOCS3RNAbasal*SOCS3RNAeqm/SOCS3RNAturn	0.275/0.4*SOCS3RNAbasal*SOCS3RNAeqm/SOCS3RNAturn	SOCS3RNAbasal*SOCS3RNAeqm/SOCS3RNAdelay	SOCS3RNAbasal*SOCS3RNAeqm/SOCS3RNAdelay	SOCS3RNAbasal*SOCS3RNAeqm/SOCS3RNAdelay	SOCS3RNAbasal*SOCS3RNAeqm/SOCS3RNAdelay	SOCS3RNAbasal*SOCS3RNAeqm/SOCS3RNAdelay		
model1_data34	model1_data34	0	0	1.25e-07	0.275/0.4*CISeqm/CISHRNAeqm*CISHRNAbasal*CISHRNAeqm/CISHRNAturn	0.275/0.4*CISHRNAbasal*CISHRNAeqm/CISHRNAturn	CISHRNAbasal*CISHRNAeqm/CISHRNAdelay	CISHRNAbasal*CISHRNAeqm/CISHRNAdelay	CISHRNAbasal*CISHRNAeqm/CISHRNAdelay	CISHRNAbasal*CISHRNAeqm/CISHRNAdelay	CISHRNAbasal*CISHRNAeqm/CISHRNAdelay	init_PTP	0.275/0.4*SOCS3eqm/SOCS3RNAeqm*SOCS3RNAbasal*SOCS3RNAeqm/SOCS3RNAturn	0.275/0.4*SOCS3RNAbasal*SOCS3RNAeqm/SOCS3RNAturn	SOCS3RNAbasal*SOCS3RNAeqm/SOCS3RNAdelay	SOCS3RNAbasal*SOCS3RNAeqm/SOCS3RNAdelay	SOCS3RNAbasal*SOCS3RNAeqm/SOCS3RNAdelay	SOCS3RNAbasal*SOCS3RNAeqm/SOCS3RNAdelay	SOCS3RNAbasal*SOCS3RNAeqm/SOCS3RNAdelay		
model1_data35	model1_data35	0	0	2.5e-06	0.275/0.4*CISeqm/CISHRNAeqm*CISHRNAbasal*CISHRNAeqm/CISHRNAturn	0.275/0.4*CISHRNAbasal*CISHRNAeqm/CISHRNAturn	CISHRNAbasal*CISHRNAeqm/CISHRNAdelay	CISHRNAbasal*CISHRNAeqm/CISHRNAdelay	CISHRNAbasal*CISHRNAeqm/CISHRNAdelay	CISHRNAbasal*CISHRNAeqm/CISHRNAdelay	CISHRNAbasal*CISHRNAeqm/CISHRNAdelay	init_PTP	0.275/0.4*SOCS3eqm/SOCS3RNAeqm*SOCS3RNAbasal*SOCS3RNAeqm/SOCS3RNAturn	0.275/0.4*SOCS3RNAbasal*SOCS3RNAeqm/SOCS3RNAturn	SOCS3RNAbasal*SOCS3RNAeqm/SOCS3RNAdelay	SOCS3RNAbasal*SOCS3RNAeqm/SOCS3RNAdelay	SOCS3RNAbasal*SOCS3RNAeqm/SOCS3RNAdelay	SOCS3RNAbasal*SOCS3RNAeqm/SOCS3RNAdelay	SOCS3RNAbasal*SOCS3RNAeqm/SOCS3RNAdelay		
model1_data36	model1_data36	0	0	2.5e-07	0.275/0.4*CISeqm/CISHRNAeqm*CISHRNAbasal*CISHRNAeqm/CISHRNAturn	0.275/0.4*CISHRNAbasal*CISHRNAeqm/CISHRNAturn	CISHRNAbasal*CISHRNAeqm/CISHRNAdelay	CISHRNAbasal*CISHRNAeqm/CISHRNAdelay	CISHRNAbasal*CISHRNAeqm/CISHRNAdelay	CISHRNAbasal*CISHRNAeqm/CISHRNAdelay	CISHRNAbasal*CISHRNAeqm/CISHRNAdelay	init_PTP	0.275/0.4*SOCS3eqm/SOCS3RNAeqm*SOCS3RNAbasal*SOCS3RNAeqm/SOCS3RNAturn	0.275/0.4*SOCS3RNAbasal*SOCS3RNAeqm/SOCS3RNAturn	SOCS3RNAbasal*SOCS3RNAeqm/SOCS3RNAdelay	SOCS3RNAbasal*SOCS3RNAeqm/SOCS3RNAdelay	SOCS3RNAbasal*SOCS3RNAeqm/SOCS3RNAdelay	SOCS3RNAbasal*SOCS3RNAeqm/SOCS3RNAdelay	SOCS3RNAbasal*SOCS3RNAeqm/SOCS3RNAdelay		
model1_data37	model1_data37	0	0	2.5e-08	0.275/0.4*CISeqm/CISHRNAeqm*CISHRNAbasal*CISHRNAeqm/CISHRNAturn	0.275/0.4*CISHRNAbasal*CISHRNAeqm/CISHRNAturn	CISHRNAbasal*CISHRNAeqm/CISHRNAdelay	CISHRNAbasal*CISHRNAeqm/CISHRNAdelay	CISHRNAbasal*CISHRNAeqm/CISHRNAdelay	CISHRNAbasal*CISHRNAeqm/CISHRNAdelay	CISHRNAbasal*CISHRNAeqm/CISHRNAdelay	init_PTP	0.275/0.4*SOCS3eqm/SOCS3RNAeqm*SOCS3RNAbasal*SOCS3RNAeqm/SOCS3RNAturn	0.275/0.4*SOCS3RNAbasal*SOCS3RNAeqm/SOCS3RNAturn	SOCS3RNAbasal*SOCS3RNAeqm/SOCS3RNAdelay	SOCS3RNAbasal*SOCS3RNAeqm/SOCS3RNAdelay	SOCS3RNAbasal*SOCS3RNAeqm/SOCS3RNAdelay	SOCS3RNAbasal*SOCS3RNAeqm/SOCS3RNAdelay	SOCS3RNAbasal*SOCS3RNAeqm/SOCS3RNAdelay		
model1_data38	model1_data38	0	0	2.5e-09	0.275/0.4*CISeqm/CISHRNAeqm*CISHRNAbasal*CISHRNAeqm/CISHRNAturn	0.275/0.4*CISHRNAbasal*CISHRNAeqm/CISHRNAturn	CISHRNAbasal*CISHRNAeqm/CISHRNAdelay	CISHRNAbasal*CISHRNAeqm/CISHRNAdelay	CISHRNAbasal*CISHRNAeqm/CISHRNAdelay	CISHRNAbasal*CISHRNAeqm/CISHRNAdelay	CISHRNAbasal*CISHRNAeqm/CISHRNAdelay	init_PTP	0.275/0.4*SOCS3eqm/SOCS3RNAeqm*SOCS3RNAbasal*SOCS3RNAeqm/SOCS3RNAturn	0.275/0.4*SOCS3RNAbasal*SOCS3RNAeqm/SOCS3RNAturn	SOCS3RNAbasal*SOCS3RNAeqm/SOCS3RNAdelay	SOCS3RNAbasal*SOCS3RNAeqm/SOCS3RNAdelay	SOCS3RNAbasal*SOCS3RNAeqm/SOCS3RNAdelay	SOCS3RNAbasal*SOCS3RNAeqm/SOCS3RNAdelay	SOCS3RNAbasal*SOCS3RNAeqm/SOCS3RNAdelay		
model1_data39	model1_data39	1	0	0	0.275/0.4*CISeqm/CISHRNAeqm*CISHRNAbasal*CISHRNAeqm/CISHRNAturn	0.275/0.4*CISHRNAbasal*CISHRNAeqm/CISHRNAturn	CISHRNAbasal*CISHRNAeqm/CISHRNAdelay	CISHRNAbasal*CISHRNAeqm/CISHRNAdelay	CISHRNAbasal*CISHRNAeqm/CISHRNAdelay	CISHRNAbasal*CISHRNAeqm/CISHRNAdelay	CISHRNAbasal*CISHRNAeqm/CISHRNAdelay	init_PTP	0.275/0.4*SOCS3eqm/SOCS3RNAeqm*SOCS3RNAbasal*SOCS3RNAeqm/SOCS3RNAturn	0.275/0.4*SOCS3RNAbasal*SOCS3RNAeqm/SOCS3RNAturn	SOCS3RNAbasal*SOCS3RNAeqm/SOCS3RNAdelay	SOCS3RNAbasal*SOCS3RNAeqm/SOCS3RNAdelay	SOCS3RNAbasal*SOCS3RNAeqm/SOCS3RNAdelay	SOCS3RNAbasal*SOCS3RNAeqm/SOCS3RNAdelay	SOCS3RNAbasal*SOCS3RNAeqm/SOCS3RNAdelay		
model1_data40	model1_data40	0	0	1.25e-06	0.275/0.4*CISeqm/CISHRNAeqm*CISHRNAbasal*CISHRNAeqm/CISHRNAturn	0.275/0.4*CISHRNAbasal*CISHRNAeqm/CISHRNAturn	CISHRNAbasal*CISHRNAeqm/CISHRNAdelay	CISHRNAbasal*CISHRNAeqm/CISHRNAdelay	CISHRNAbasal*CISHRNAeqm/CISHRNAdelay	CISHRNAbasal*CISHRNAeqm/CISHRNAdelay	CISHRNAbasal*CISHRNAeqm/CISHRNAdelay	init_PTP	0.275/0.4*SOCS3eqm/SOCS3RNAeqm*SOCS3RNAbasal*SOCS3RNAeqm/SOCS3RNAturn	0.275/0.4*SOCS3RNAbasal*SOCS3RNAeqm/SOCS3RNAturn	SOCS3RNAbasal*SOCS3RNAeqm/SOCS3RNAdelay	SOCS3RNAbasal*SOCS3RNAeqm/SOCS3RNAdelay	SOCS3RNAbasal*SOCS3RNAeqm/SOCS3RNAdelay	SOCS3RNAbasal*SOCS3RNAeqm/SOCS3RNAdelay	SOCS3RNAbasal*SOCS3RNAeqm/SOCS3RNAdelay		
model1_data41	model1_data41	0	0	1.25e-06	0.275/0.4*CISeqm/CISHRNAeqm*CISHRNAbasal*CISHRNAeqm/CISHRNAturn	0.275/0.4*CISHRNAbasal*CISHRNAeqm/CISHRNAturn	CISHRNAbasal*CISHRNAeqm/CISHRNAdelay	CISHRNAbasal*CISHRNAeqm/CISHRNAdelay	CISHRNAbasal*CISHRNAeqm/CISHRNAdelay	CISHRNAbasal*CISHRNAeqm/CISHRNAdelay	CISHRNAbasal*CISHRNAeqm/CISHRNAdelay	init_PTP	0.275/0.4*SOCS3eqm/SOCS3RNAeqm*SOCS3RNAbasal*SOCS3RNAeqm/SOCS3RNAturn	0.275/0.4*SOCS3RNAbasal*SOCS3RNAeqm/SOCS3RNAturn	SOCS3RNAbasal*SOCS3RNAeqm/SOCS3RNAdelay	SOCS3RNAbasal*SOCS3RNAeqm/SOCS3RNAdelay	SOCS3RNAbasal*SOCS3RNAeqm/SOCS3RNAdelay	SOCS3RNAbasal*SOCS3RNAeqm/SOCS3RNAdelay	SOCS3RNAbasal*SOCS3RNAeqm/SOCS3RNAdelay		
